vehicle_identifier, vehicle_identification_number, gps_lat, gps_lng, battery_charge, vehicle_status, created_on
4780-LMH,UCYS01S0ZMB000392,41.384347,2.17238,99,AVAILABLE,2021-03-11 11:58:43.707093+00
4780-LMH,UCYS01S0ZMB000392,41.384346,2.172379,99,AVAILABLE,2021-03-11 11:58:58.021815+00
4780-LMH,UCYS01S0ZMB000392,41.38435,2.172377,99,AVAILABLE,2021-03-11 11:59:01.035887+00
4780-LMH,UCYS01S0ZMB000392,41.384352,2.172375,99,AVAILABLE,2021-03-11 11:59:02.776694+00
4780-LMH,UCYS01S0ZMB000392,41.384353,2.172376,99,AVAILABLE,2021-03-11 11:59:04.070308+00
4780-LMH,UCYS01S0ZMB000392,41.384359,2.172385,99,AVAILABLE,2021-03-11 11:59:05.337693+00
4780-LMH,UCYS01S0ZMB000392,41.384625,2.172206,99,AVAILABLE,2021-03-11 11:59:20.077834+00
4780-LMH,UCYS01S0ZMB000392,41.384581,2.172198,99,AVAILABLE,2021-03-11 11:59:29.059023+00
4780-LMH,UCYS01S0ZMB000392,41.384591,2.172209,99,AVAILABLE,2021-03-11 11:59:30.59141+00
4780-LMH,UCYS01S0ZMB000392,41.384603,2.17222,99,AVAILABLE,2021-03-11 11:59:45.129786+00
4780-LMH,UCYS01S0ZMB000392,41.384618,2.172299,99,AVAILABLE,2021-03-11 12:00:00.4498+00
4780-LMH,UCYS01S0ZMB000392,41.384614,2.172286,99,AVAILABLE,2021-03-11 12:00:16.139426+00
4780-LMH,UCYS01S0ZMB000392,41.384613,2.172278,99,AVAILABLE,2021-03-11 12:00:30.089405+00
4780-LMH,UCYS01S0ZMB000392,41.384611,2.172277,99,AVAILABLE,2021-03-11 12:00:45.067125+00
4780-LMH,UCYS01S0ZMB000392,41.384628,2.172279,99,AVAILABLE,2021-03-11 12:01:00.144824+00
4780-LMH,UCYS01S0ZMB000392,41.384638,2.172273,99,AVAILABLE,2021-03-11 12:01:15.042002+00
4780-LMH,UCYS01S0ZMB000392,41.384634,2.172269,99,AVAILABLE,2021-03-11 12:01:18.256447+00
4780-LMH,UCYS01S0ZMB000392,41.384625,2.172263,99,AVAILABLE,2021-03-11 12:01:32.212056+00
4780-LMH,UCYS01S0ZMB000392,41.384618,2.172374,99,AVAILABLE,2021-03-11 12:01:38.252224+00
4780-LMH,UCYS01S0ZMB000392,41.384548,2.17234,99,AVAILABLE,2021-03-11 12:01:46.651236+00
4780-LMH,UCYS01S0ZMB000392,41.384339,2.172307,99,AVAILABLE,2021-03-11 12:04:06.21324+00
4780-LMH,UCYS01S0ZMB000392,41.384339,2.172314,99,AVAILABLE,2021-03-11 12:04:08.365504+00
4780-LMH,UCYS01S0ZMB000392,41.384331,2.172433,99,RESERVED,2021-03-11 12:07:57.433497+00
4780-LMH,UCYS01S0ZMB000392,41.384331,2.172434,99,RESERVED,2021-03-11 12:07:59.490214+00
4780-LMH,UCYS01S0ZMB000392,41.384324,2.172435,99,RESERVED,2021-03-11 12:08:14.25522+00
4780-LMH,UCYS01S0ZMB000392,41.384314,2.172377,99,RESERVED,2021-03-11 12:08:28.775171+00
4780-LMH,UCYS01S0ZMB000392,41.384313,2.172365,99,RESERVED,2021-03-11 12:08:30.148183+00
4780-LMH,UCYS01S0ZMB000392,41.384314,2.17236,99,RESERVED,2021-03-11 12:08:56.82617+00
4780-LMH,UCYS01S0ZMB000392,41.384309,2.172328,99,RESERVED,2021-03-11 12:09:12.2856+00
4780-LMH,UCYS01S0ZMB000392,41.384316,2.17235,99,RESERVED,2021-03-11 12:09:23.168117+00
4780-LMH,UCYS01S0ZMB000392,41.384316,2.17235,99,RESERVED,2021-03-11 12:09:24.821791+00
4780-LMH,UCYS01S0ZMB000392,41.384318,2.172356,99,RESERVED,2021-03-11 12:09:25.057252+00
4780-LMH,UCYS01S0ZMB000392,41.384397,2.17231,99,RESERVED,2021-03-11 12:09:31.099651+00
4780-LMH,UCYS01S0ZMB000392,41.384779,2.172275,99,RESERVED,2021-03-11 12:09:39.801472+00
4780-LMH,UCYS01S0ZMB000392,41.384698,2.172415,99,RESERVED,2021-03-11 12:09:46.585486+00
4780-LMH,UCYS01S0ZMB000392,41.384612,2.172508,99,RESERVED,2021-03-11 12:10:01.024032+00
4780-LMH,UCYS01S0ZMB000392,41.384511,2.172422,99,RESERVED,2021-03-11 12:10:02.638428+00
4780-LMH,UCYS01S0ZMB000392,41.38428,2.172008,99,RESERVED,2021-03-11 12:10:17.063158+00
4780-LMH,UCYS01S0ZMB000392,41.384283,2.172012,99,RESERVED,2021-03-11 12:10:18.541418+00
4780-LMH,UCYS01S0ZMB000392,41.384293,2.172006,99,RESERVED,2021-03-11 12:10:19.990075+00
4780-LMH,UCYS01S0ZMB000392,41.384278,2.172008,99,RESERVED,2021-03-11 12:10:27.540171+00
4780-LMH,UCYS01S0ZMB000392,41.38422,2.171983,99,AVAILABLE,2021-03-11 12:10:57.714664+00
4780-LMH,UCYS01S0ZMB000392,41.384219,2.171984,99,AVAILABLE,2021-03-11 12:10:59.368832+00
4780-LMH,UCYS01S0ZMB000392,41.384269,2.172158,99,AVAILABLE,2021-03-11 12:13:00.05638+00
4780-LMH,UCYS01S0ZMB000392,41.384269,2.17216,99,AVAILABLE,2021-03-11 12:13:01.835711+00
4780-LMH,UCYS01S0ZMB000392,41.384355,2.172357,99,AVAILABLE,2021-03-11 12:23:01.924198+00
4780-LMH,UCYS01S0ZMB000392,41.384356,2.172363,99,AVAILABLE,2021-03-11 12:23:03.755172+00
4780-LMH,UCYS01S0ZMB000392,41.384375,2.172361,99,RESERVED,2021-03-11 12:23:20.357917+00
4780-LMH,UCYS01S0ZMB000392,41.384421,2.172376,99,RESERVED,2021-03-11 12:23:49.425159+00
4780-LMH,UCYS01S0ZMB000392,41.384506,2.172457,99,RESERVED,2021-03-11 12:24:20.254652+00
4780-LMH,UCYS01S0ZMB000392,41.384495,2.17243,99,TRAVELLING,2021-03-11 12:24:35.189648+00
4780-LMH,UCYS01S0ZMB000392,41.384484,2.172404,99,TRAVELLING,2021-03-11 12:24:39.539176+00
4780-LMH,UCYS01S0ZMB000392,41.384477,2.172416,99,TRAVELLING,2021-03-11 12:24:53.813445+00
4780-LMH,UCYS01S0ZMB000392,41.384484,2.172519,99,TRAVELLING,2021-03-11 12:25:08.634776+00
4780-LMH,UCYS01S0ZMB000392,41.384482,2.172526,99,TRAVELLING,2021-03-11 12:25:11.753903+00
4780-LMH,UCYS01S0ZMB000392,41.384472,2.172525,99,TRAVELLING,2021-03-11 12:25:16.044831+00
4780-LMH,UCYS01S0ZMB000392,41.384467,2.172533,99,TRAVELLING,2021-03-11 12:25:20.502367+00
4780-LMH,UCYS01S0ZMB000392,41.384483,2.172547,99,TRAVELLING,2021-03-11 12:25:29.373076+00
4780-LMH,UCYS01S0ZMB000392,41.384488,2.172554,99,TRAVELLING,2021-03-11 12:25:30.794998+00
4780-LMH,UCYS01S0ZMB000392,41.384498,2.172565,99,TRAVELLING,2021-03-11 12:25:32.355865+00
4780-LMH,UCYS01S0ZMB000392,41.384508,2.172582,99,TRAVELLING,2021-03-11 12:25:35.271176+00
4780-LMH,UCYS01S0ZMB000392,41.384513,2.172589,99,TRAVELLING,2021-03-11 12:25:38.39606+00
4780-LMH,UCYS01S0ZMB000392,41.384518,2.172588,99,TRAVELLING,2021-03-11 12:25:39.81814+00
4780-LMH,UCYS01S0ZMB000392,41.384523,2.172597,99,TRAVELLING,2021-03-11 12:25:42.878829+00
4780-LMH,UCYS01S0ZMB000392,41.384529,2.172639,99,TRAVELLING,2021-03-11 12:25:52.41359+00
4780-LMH,UCYS01S0ZMB000392,41.384531,2.172641,99,TRAVELLING,2021-03-11 12:25:54.039431+00
4780-LMH,UCYS01S0ZMB000392,41.384531,2.172643,99,TRAVELLING,2021-03-11 12:25:55.397057+00
4780-LMH,UCYS01S0ZMB000392,41.38453,2.172628,99,TRAVELLING,2021-03-11 12:25:59.418047+00
4780-LMH,UCYS01S0ZMB000392,41.384527,2.172618,99,TRAVELLING,2021-03-11 12:26:01.072907+00
4780-LMH,UCYS01S0ZMB000392,41.384524,2.17261,99,TRAVELLING,2021-03-11 12:26:01.082358+00
4780-LMH,UCYS01S0ZMB000392,41.384522,2.172606,99,TRAVELLING,2021-03-11 12:26:07.503815+00
4780-LMH,UCYS01S0ZMB000392,41.384512,2.172594,99,TRAVELLING,2021-03-11 12:26:16.663241+00
4780-LMH,UCYS01S0ZMB000392,41.384502,2.17256,99,TRAVELLING,2021-03-11 12:26:32.719158+00
4780-LMH,UCYS01S0ZMB000392,41.384475,2.172504,99,TRAVELLING,2021-03-11 12:26:47.634229+00
4780-LMH,UCYS01S0ZMB000392,41.384475,2.172503,99,TRAVELLING,2021-03-11 12:26:49.10793+00
4780-LMH,UCYS01S0ZMB000392,41.384465,2.172528,99,TRAVELLING,2021-03-11 12:27:01.415559+00
4780-LMH,UCYS01S0ZMB000392,41.384466,2.172531,99,TRAVELLING,2021-03-11 12:27:04.34167+00
4780-LMH,UCYS01S0ZMB000392,41.384475,2.172525,99,TRAVELLING,2021-03-11 12:27:19.663427+00
4780-LMH,UCYS01S0ZMB000392,41.384474,2.172524,99,TRAVELLING,2021-03-11 12:27:21.340937+00
4780-LMH,UCYS01S0ZMB000392,41.384499,2.172461,99,TRAVELLING,2021-03-11 12:27:54.512449+00
4780-LMH,UCYS01S0ZMB000392,41.38451,2.172451,99,TRAVELLING,2021-03-11 12:27:57.571185+00
4780-LMH,UCYS01S0ZMB000392,41.384557,2.172428,99,TRAVELLING,2021-03-11 12:27:59.133317+00
4780-LMH,UCYS01S0ZMB000392,41.384632,2.172334,98,TRAVELLING,2021-03-11 12:28:07.821921+00
4780-LMH,UCYS01S0ZMB000392,41.384629,2.172328,98,TRAVELLING,2021-03-11 12:28:09.243213+00
4780-LMH,UCYS01S0ZMB000392,41.384543,2.17221,98,TRAVELLING,2021-03-11 12:28:22.620709+00
4780-LMH,UCYS01S0ZMB000392,41.384534,2.172197,98,AVAILABLE,2021-03-11 12:28:27.482961+00
4780-LMH,UCYS01S0ZMB000392,41.384583,2.172055,98,RESERVED,2021-03-11 12:29:26.455572+00
4780-LMH,UCYS01S0ZMB000392,41.384664,2.171961,98,TRAVELLING,2021-03-11 12:29:55.725256+00
4780-LMH,UCYS01S0ZMB000392,41.38465,2.17196,98,TRAVELLING,2021-03-11 12:30:10.706909+00
4780-LMH,UCYS01S0ZMB000392,41.384608,2.171978,98,TRAVELLING,2021-03-11 12:30:25.566534+00
4780-LMH,UCYS01S0ZMB000392,41.38457,2.172001,98,TRAVELLING,2021-03-11 12:30:40.595737+00
4780-LMH,UCYS01S0ZMB000392,41.384545,2.172037,98,TRAVELLING,2021-03-11 12:30:55.505527+00
4780-LMH,UCYS01S0ZMB000392,41.384495,2.172056,98,TRAVELLING,2021-03-11 12:31:10.799673+00
4780-LMH,UCYS01S0ZMB000392,41.384488,2.172057,98,TRAVELLING,2021-03-11 12:31:25.653415+00
4780-LMH,UCYS01S0ZMB000392,41.384492,2.172063,98,TRAVELLING,2021-03-11 12:31:29.623519+00
4780-LMH,UCYS01S0ZMB000392,41.384495,2.172071,98,TRAVELLING,2021-03-11 12:31:33.226686+00
4780-LMH,UCYS01S0ZMB000392,41.384507,2.172072,98,TRAVELLING,2021-03-11 12:31:33.245826+00
4780-LMH,UCYS01S0ZMB000392,41.384513,2.172076,98,TRAVELLING,2021-03-11 12:31:42.300131+00
4780-LMH,UCYS01S0ZMB000392,41.384528,2.172071,98,TRAVELLING,2021-03-11 12:31:43.879697+00
4780-LMH,UCYS01S0ZMB000392,41.384602,2.171985,98,TRAVELLING,2021-03-11 12:31:58.663414+00
4780-LMH,UCYS01S0ZMB000392,41.384627,2.17165,98,TRAVELLING,2021-03-11 12:32:10.480208+00
4780-LMH,UCYS01S0ZMB000392,41.384693,2.171218,98,TRAVELLING,2021-03-11 12:32:20.386194+00
4780-LMH,UCYS01S0ZMB000392,41.384706,2.171097,98,TRAVELLING,2021-03-11 12:32:23.789877+00
4780-LMH,UCYS01S0ZMB000392,41.384712,2.171058,98,TRAVELLING,2021-03-11 12:32:25.660306+00
4780-LMH,UCYS01S0ZMB000392,41.384712,2.171038,98,TRAVELLING,2021-03-11 12:32:26.903956+00
4780-LMH,UCYS01S0ZMB000392,41.384712,2.171058,98,TRAVELLING,2021-03-11 12:32:27.662413+00
4780-LMH,UCYS01S0ZMB000392,41.384713,2.171024,98,TRAVELLING,2021-03-11 12:32:29.16307+00
4780-LMH,UCYS01S0ZMB000392,41.384712,2.171038,98,TRAVELLING,2021-03-11 12:32:29.375068+00
4780-LMH,UCYS01S0ZMB000392,41.384717,2.171002,98,TRAVELLING,2021-03-11 12:32:29.58005+00
4780-LMH,UCYS01S0ZMB000392,41.384721,2.170906,98,TRAVELLING,2021-03-11 12:32:33.86483+00
4780-LMH,UCYS01S0ZMB000392,41.384727,2.170843,98,TRAVELLING,2021-03-11 12:32:38.156949+00
4780-LMH,UCYS01S0ZMB000392,41.384825,2.170702,98,TRAVELLING,2021-03-11 12:32:52.535736+00
4780-LMH,UCYS01S0ZMB000392,41.384993,2.170639,98,TRAVELLING,2021-03-11 12:32:58.653226+00
4780-LMH,UCYS01S0ZMB000392,41.385085,2.170588,98,TRAVELLING,2021-03-11 12:33:04.175927+00
4780-LMH,UCYS01S0ZMB000392,41.38512,2.17057,98,TRAVELLING,2021-03-11 12:33:07.133191+00
4780-LMH,UCYS01S0ZMB000392,41.385113,2.170497,98,TRAVELLING,2021-03-11 12:33:11.418891+00
4780-LMH,UCYS01S0ZMB000392,41.385141,2.170467,98,TRAVELLING,2021-03-11 12:33:14.177765+00
4780-LMH,UCYS01S0ZMB000392,41.385769,2.170463,98,TRAVELLING,2021-03-11 12:33:27.792287+00
4780-LMH,UCYS01S0ZMB000392,41.386481,2.171185,98,TRAVELLING,2021-03-11 12:33:42.638701+00
4780-LMH,UCYS01S0ZMB000392,41.386487,2.171198,98,TRAVELLING,2021-03-11 12:33:44.688407+00
4780-LMH,UCYS01S0ZMB000392,41.38652,2.171191,98,TRAVELLING,2021-03-11 12:33:48.098+00
4780-LMH,UCYS01S0ZMB000392,41.386522,2.171191,98,TRAVELLING,2021-03-11 12:33:49.537934+00
4780-LMH,UCYS01S0ZMB000392,41.386597,2.171186,98,TRAVELLING,2021-03-11 12:33:58.308887+00
4780-LMH,UCYS01S0ZMB000392,41.38675,2.171618,98,TRAVELLING,2021-03-11 12:34:07.459328+00
4780-LMH,UCYS01S0ZMB000392,41.387264,2.172139,98,TRAVELLING,2021-03-11 12:34:16.49242+00
4780-LMH,UCYS01S0ZMB000392,41.388242,2.17275,98,TRAVELLING,2021-03-11 12:34:30.549424+00
4780-LMH,UCYS01S0ZMB000392,41.388809,2.173305,98,TRAVELLING,2021-03-11 12:34:45.481245+00
4780-LMH,UCYS01S0ZMB000392,41.389031,2.173252,98,TRAVELLING,2021-03-11 12:34:49.511077+00
4780-LMH,UCYS01S0ZMB000392,41.389562,2.173071,98,TRAVELLING,2021-03-11 12:35:03.578099+00
4780-LMH,UCYS01S0ZMB000392,41.390415,2.1724,98,TRAVELLING,2021-03-11 12:35:18.453921+00
4780-LMH,UCYS01S0ZMB000392,41.390997,2.171638,97,TRAVELLING,2021-03-11 12:35:33.614694+00
4780-LMH,UCYS01S0ZMB000392,41.391013,2.171624,97,TRAVELLING,2021-03-11 12:35:35.600186+00
4780-LMH,UCYS01S0ZMB000392,41.391062,2.171451,97,TRAVELLING,2021-03-11 12:35:51.250061+00
4780-LMH,UCYS01S0ZMB000392,41.391114,2.171391,97,TRAVELLING,2021-03-11 12:36:06.179377+00
4780-LMH,UCYS01S0ZMB000392,41.391126,2.171384,97,TRAVELLING,2021-03-11 12:36:11.327554+00
4780-LMH,UCYS01S0ZMB000392,41.391134,2.171376,97,TRAVELLING,2021-03-11 12:36:13.450451+00
4780-LMH,UCYS01S0ZMB000392,41.391187,2.171379,97,TRAVELLING,2021-03-11 12:36:17.831362+00
4780-LMH,UCYS01S0ZMB000392,41.391202,2.171379,97,TRAVELLING,2021-03-11 12:36:22.38332+00
4780-LMH,UCYS01S0ZMB000392,41.391212,2.171379,97,TRAVELLING,2021-03-11 12:36:22.48312+00
4780-LMH,UCYS01S0ZMB000392,41.391227,2.171378,97,TRAVELLING,2021-03-11 12:36:25.418556+00
4780-LMH,UCYS01S0ZMB000392,41.39124,2.171376,97,TRAVELLING,2021-03-11 12:36:25.474123+00
4780-LMH,UCYS01S0ZMB000392,41.391556,2.171186,97,TRAVELLING,2021-03-11 12:36:37.261001+00
4780-LMH,UCYS01S0ZMB000392,41.391686,2.17129,97,TRAVELLING,2021-03-11 12:36:39.467055+00
4780-LMH,UCYS01S0ZMB000392,41.39173,2.17126,97,TRAVELLING,2021-03-11 12:36:46.344387+00
4780-LMH,UCYS01S0ZMB000392,41.391788,2.171331,97,TRAVELLING,2021-03-11 12:36:50.66869+00
4780-LMH,UCYS01S0ZMB000392,41.392119,2.171833,97,TRAVELLING,2021-03-11 12:37:04.586946+00
4780-LMH,UCYS01S0ZMB000392,41.392123,2.171833,97,TRAVELLING,2021-03-11 12:37:06.089123+00
4780-LMH,UCYS01S0ZMB000392,41.392156,2.171822,97,TRAVELLING,2021-03-11 12:37:17.378153+00
4780-LMH,UCYS01S0ZMB000392,41.392849,2.172823,97,TRAVELLING,2021-03-11 12:37:33.738091+00
4780-LMH,UCYS01S0ZMB000392,41.393867,2.174269,97,TRAVELLING,2021-03-11 12:37:46.554606+00
4780-LMH,UCYS01S0ZMB000392,41.394425,2.175675,97,TRAVELLING,2021-03-11 12:38:01.669334+00
4780-LMH,UCYS01S0ZMB000392,41.39476,2.176029,97,TRAVELLING,2021-03-11 12:38:06.615212+00
4780-LMH,UCYS01S0ZMB000392,41.395828,2.176817,97,TRAVELLING,2021-03-11 12:38:21.601456+00
4780-LMH,UCYS01S0ZMB000392,41.397207,2.17862,97,TRAVELLING,2021-03-11 12:38:36.501887+00
4780-LMH,UCYS01S0ZMB000392,41.398421,2.180367,96,TRAVELLING,2021-03-11 12:38:54.354564+00
4780-LMH,UCYS01S0ZMB000392,41.399562,2.182168,96,TRAVELLING,2021-03-11 12:39:06.650151+00
4780-LMH,UCYS01S0ZMB000392,41.400448,2.183903,96,TRAVELLING,2021-03-11 12:39:21.776525+00
4780-LMH,UCYS01S0ZMB000392,41.400867,2.184404,96,TRAVELLING,2021-03-11 12:39:34.797632+00
4780-LMH,UCYS01S0ZMB000392,41.400832,2.184413,96,TRAVELLING,2021-03-11 12:39:37.620309+00
4780-LMH,UCYS01S0ZMB000392,41.400828,2.184415,96,TRAVELLING,2021-03-11 12:39:40.876806+00
4780-LMH,UCYS01S0ZMB000392,41.400825,2.184413,96,TRAVELLING,2021-03-11 12:39:41.019817+00
4780-LMH,UCYS01S0ZMB000392,41.400925,2.184395,96,TRAVELLING,2021-03-11 12:39:55.369258+00
4780-LMH,UCYS01S0ZMB000392,41.401028,2.184389,96,TRAVELLING,2021-03-11 12:40:08.35335+00
4780-LMH,UCYS01S0ZMB000392,41.401569,2.184851,96,TRAVELLING,2021-03-11 12:40:18.810905+00
4780-LMH,UCYS01S0ZMB000392,41.401622,2.184852,96,TRAVELLING,2021-03-11 12:40:21.814459+00
4780-LMH,UCYS01S0ZMB000392,41.4018,2.185049,96,TRAVELLING,2021-03-11 12:40:28.996548+00
4780-LMH,UCYS01S0ZMB000392,41.4025,2.186295,96,TRAVELLING,2021-03-11 12:40:43.585346+00
4780-LMH,UCYS01S0ZMB000392,41.403196,2.187331,96,TRAVELLING,2021-03-11 12:40:58.643306+00
4780-LMH,UCYS01S0ZMB000392,41.403424,2.187573,96,TRAVELLING,2021-03-11 12:41:10.354631+00
4780-LMH,UCYS01S0ZMB000392,41.403438,2.187612,96,TRAVELLING,2021-03-11 12:41:24.774087+00
4780-LMH,UCYS01S0ZMB000392,41.403447,2.18763,96,TRAVELLING,2021-03-11 12:41:38.108205+00
4780-LMH,UCYS01S0ZMB000392,41.403871,2.188085,96,TRAVELLING,2021-03-11 12:41:52.388076+00
4780-LMH,UCYS01S0ZMB000392,41.404347,2.188534,96,TRAVELLING,2021-03-11 12:42:01.426522+00
4780-LMH,UCYS01S0ZMB000392,41.40539,2.189818,96,TRAVELLING,2021-03-11 12:42:16.620689+00
4780-LMH,UCYS01S0ZMB000392,41.406259,2.190955,95,TRAVELLING,2021-03-11 12:42:31.88753+00
4780-LMH,UCYS01S0ZMB000392,41.406325,2.19101,95,TRAVELLING,2021-03-11 12:42:37.57763+00
4780-LMH,UCYS01S0ZMB000392,41.406468,2.190985,95,TRAVELLING,2021-03-11 12:42:51.632381+00
4780-LMH,UCYS01S0ZMB000392,41.406586,2.190937,95,TRAVELLING,2021-03-11 12:43:06.488157+00
4780-LMH,UCYS01S0ZMB000392,41.406608,2.190932,95,TRAVELLING,2021-03-11 12:43:12.045862+00
4780-LMH,UCYS01S0ZMB000392,41.40702,2.191613,95,TRAVELLING,2021-03-11 12:43:26.75167+00
4780-LMH,UCYS01S0ZMB000392,41.407942,2.192936,95,TRAVELLING,2021-03-11 12:43:45.238248+00
4780-LMH,UCYS01S0ZMB000392,41.408941,2.194429,95,TRAVELLING,2021-03-11 12:43:59.755256+00
4780-LMH,UCYS01S0ZMB000392,41.409057,2.19463,95,TRAVELLING,2021-03-11 12:44:06.058066+00
4780-LMH,UCYS01S0ZMB000392,41.409148,2.194952,95,TRAVELLING,2021-03-11 12:44:16.379114+00
4780-LMH,UCYS01S0ZMB000392,41.409084,2.195041,95,TRAVELLING,2021-03-11 12:44:21.778212+00
4780-LMH,UCYS01S0ZMB000392,41.409107,2.195051,95,TRAVELLING,2021-03-11 12:44:27.171285+00
4780-LMH,UCYS01S0ZMB000392,41.408781,2.195575,95,TRAVELLING,2021-03-11 12:44:41.747657+00
4780-LMH,UCYS01S0ZMB000392,41.40873,2.195652,95,TRAVELLING,2021-03-11 12:44:46.042666+00
4780-LMH,UCYS01S0ZMB000392,41.408721,2.195674,95,TRAVELLING,2021-03-11 12:44:55.100548+00
4780-LMH,UCYS01S0ZMB000392,41.408224,2.196299,95,TRAVELLING,2021-03-11 12:45:09.052726+00
4780-LMH,UCYS01S0ZMB000392,41.407801,2.196824,95,TRAVELLING,2021-03-11 12:45:18.158103+00
4780-LMH,UCYS01S0ZMB000392,41.407782,2.196832,95,TRAVELLING,2021-03-11 12:45:27.277898+00
4780-LMH,UCYS01S0ZMB000392,41.407767,2.196855,95,TRAVELLING,2021-03-11 12:45:29.421509+00
4780-LMH,UCYS01S0ZMB000392,41.407749,2.196875,95,TRAVELLING,2021-03-11 12:45:45.563547+00
4780-LMH,UCYS01S0ZMB000392,41.407748,2.19688,95,TRAVELLING,2021-03-11 12:45:47.28384+00
4780-LMH,UCYS01S0ZMB000392,41.407619,2.19705,95,TRAVELLING,2021-03-11 12:45:52.19509+00
4780-LMH,UCYS01S0ZMB000392,41.407339,2.197428,95,TRAVELLING,2021-03-11 12:45:55.39385+00
4780-LMH,UCYS01S0ZMB000392,41.406069,2.199153,94,TRAVELLING,2021-03-11 12:46:10.546069+00
4780-LMH,UCYS01S0ZMB000392,41.405332,2.200162,94,TRAVELLING,2021-03-11 12:46:26.371931+00
4780-LMH,UCYS01S0ZMB000392,41.404955,2.200687,94,TRAVELLING,2021-03-11 12:46:37.111035+00
4780-LMH,UCYS01S0ZMB000392,41.4049,2.200688,94,TRAVELLING,2021-03-11 12:46:51.505239+00
4780-LMH,UCYS01S0ZMB000392,41.404911,2.200686,94,TRAVELLING,2021-03-11 12:47:06.816787+00
4780-LMH,UCYS01S0ZMB000392,41.404915,2.200695,94,TRAVELLING,2021-03-11 12:47:17.046742+00
4780-LMH,UCYS01S0ZMB000392,41.404402,2.20131,94,TRAVELLING,2021-03-11 12:47:30.073717+00
4780-LMH,UCYS01S0ZMB000392,41.403865,2.202027,94,TRAVELLING,2021-03-11 12:47:37.408018+00
4780-LMH,UCYS01S0ZMB000392,41.40357,2.202416,94,TRAVELLING,2021-03-11 12:47:47.158821+00
4780-LMH,UCYS01S0ZMB000392,41.403573,2.202419,94,TRAVELLING,2021-03-11 12:47:48.55482+00
4780-LMH,UCYS01S0ZMB000392,41.402958,2.203235,94,TRAVELLING,2021-03-11 12:48:05.464843+00
4780-LMH,UCYS01S0ZMB000392,41.402811,2.203378,94,TRAVELLING,2021-03-11 12:48:16.860341+00
4780-LMH,UCYS01S0ZMB000392,41.40277,2.203589,94,TRAVELLING,2021-03-11 12:48:26.487879+00
4780-LMH,UCYS01S0ZMB000392,41.402747,2.203622,94,TRAVELLING,2021-03-11 12:48:35.804079+00
4780-LMH,UCYS01S0ZMB000392,41.402227,2.204403,94,TRAVELLING,2021-03-11 12:48:49.43496+00
4780-LMH,UCYS01S0ZMB000392,41.401851,2.204955,94,TRAVELLING,2021-03-11 12:49:01.585372+00
4780-LMH,UCYS01S0ZMB000392,41.40184,2.204973,94,TRAVELLING,2021-03-11 12:49:12.785272+00
4780-LMH,UCYS01S0ZMB000392,41.401167,2.20589,94,TRAVELLING,2021-03-11 12:49:27.411109+00
4780-LMH,UCYS01S0ZMB000392,41.400726,2.206498,93,TRAVELLING,2021-03-11 12:49:36.672467+00
4780-LMH,UCYS01S0ZMB000392,41.400677,2.206545,93,TRAVELLING,2021-03-11 12:49:51.539285+00
4780-LMH,UCYS01S0ZMB000392,41.400673,2.206554,93,TRAVELLING,2021-03-11 12:49:55.633725+00
4780-LMH,UCYS01S0ZMB000392,41.400667,2.206566,93,TRAVELLING,2021-03-11 12:49:57.28827+00
4780-LMH,UCYS01S0ZMB000392,41.400667,2.206567,93,TRAVELLING,2021-03-11 12:49:59.926979+00
4780-LMH,UCYS01S0ZMB000392,41.400665,2.206577,93,TRAVELLING,2021-03-11 12:50:03.328369+00
4780-LMH,UCYS01S0ZMB000392,41.400383,2.207041,93,TRAVELLING,2021-03-11 12:50:15.40087+00
4780-LMH,UCYS01S0ZMB000392,41.40069,2.207474,93,TRAVELLING,2021-03-11 12:50:24.51084+00
4780-LMH,UCYS01S0ZMB000392,41.401202,2.208238,93,TRAVELLING,2021-03-11 12:50:39.444898+00
4780-LMH,UCYS01S0ZMB000392,41.401718,2.208856,93,TRAVELLING,2021-03-11 12:50:50.54973+00
4780-LMH,UCYS01S0ZMB000392,41.401796,2.208884,93,TRAVELLING,2021-03-11 12:51:05.630976+00
4780-LMH,UCYS01S0ZMB000392,41.401872,2.208902,93,TRAVELLING,2021-03-11 12:51:20.498183+00
4780-LMH,UCYS01S0ZMB000392,41.401925,2.208916,93,TRAVELLING,2021-03-11 12:51:35.395042+00
4780-LMH,UCYS01S0ZMB000392,41.401955,2.208952,93,TRAVELLING,2021-03-11 12:51:50.277163+00
4780-LMH,UCYS01S0ZMB000392,41.401957,2.208996,93,TRAVELLING,2021-03-11 12:51:58.947926+00
4780-LMH,UCYS01S0ZMB000392,41.402148,2.209249,93,TRAVELLING,2021-03-11 12:52:13.854359+00
4780-LMH,UCYS01S0ZMB000392,41.402348,2.209537,93,TRAVELLING,2021-03-11 12:52:28.35823+00
4780-LMH,UCYS01S0ZMB000392,41.402376,2.209547,93,TRAVELLING,2021-03-11 12:52:30.629975+00
4780-LMH,UCYS01S0ZMB000392,41.40238,2.209545,93,TRAVELLING,2021-03-11 12:52:32.052049+00
4780-LMH,UCYS01S0ZMB000392,41.402381,2.209563,93,TRAVELLING,2021-03-11 12:52:46.227334+00
4780-LMH,UCYS01S0ZMB000392,41.402341,2.209596,93,TRAVELLING,2021-03-11 12:53:01.413286+00
4780-LMH,UCYS01S0ZMB000392,41.402335,2.209597,93,TRAVELLING,2021-03-11 12:53:17.470099+00
4780-LMH,UCYS01S0ZMB000392,41.402339,2.20959,93,TRAVELLING,2021-03-11 12:53:31.395417+00
4780-LMH,UCYS01S0ZMB000392,41.402384,2.209571,93,TRAVELLING,2021-03-11 12:53:46.267452+00
4780-LMH,UCYS01S0ZMB000392,41.402432,2.209557,93,TRAVELLING,2021-03-11 12:54:01.587405+00
4780-LMH,UCYS01S0ZMB000392,41.402439,2.209558,93,TRAVELLING,2021-03-11 12:54:16.398222+00
4780-LMH,UCYS01S0ZMB000392,41.402457,2.209559,93,TRAVELLING,2021-03-11 12:54:31.304302+00
4780-LMH,UCYS01S0ZMB000392,41.402478,2.209576,93,TRAVELLING,2021-03-11 12:54:46.421596+00
4780-LMH,UCYS01S0ZMB000392,41.402507,2.209569,93,TRAVELLING,2021-03-11 12:55:01.330625+00
4780-LMH,UCYS01S0ZMB000392,41.402542,2.20956,93,TRAVELLING,2021-03-11 12:55:17.18939+00
4780-LMH,UCYS01S0ZMB000392,41.402567,2.209555,93,TRAVELLING,2021-03-11 12:55:30.681322+00
4780-LMH,UCYS01S0ZMB000392,41.40254,2.20955,93,TRAVELLING,2021-03-11 12:56:29.679813+00
4780-LMH,UCYS01S0ZMB000392,41.402541,2.209551,93,TRAVELLING,2021-03-11 12:56:33.129275+00
4780-LMH,UCYS01S0ZMB000392,41.40275,2.209929,93,TRAVELLING,2021-03-11 12:56:48.207861+00
4780-LMH,UCYS01S0ZMB000392,41.40284,2.210049,93,TRAVELLING,2021-03-11 12:56:54.585213+00
4780-LMH,UCYS01S0ZMB000392,41.402869,2.210057,93,TRAVELLING,2021-03-11 12:57:06.901495+00
4780-LMH,UCYS01S0ZMB000392,41.402915,2.210019,93,TRAVELLING,2021-03-11 12:57:10.366434+00
4780-LMH,UCYS01S0ZMB000392,41.40376,2.208984,93,TRAVELLING,2021-03-11 12:57:25.207664+00
4780-LMH,UCYS01S0ZMB000392,41.404551,2.208004,93,TRAVELLING,2021-03-11 12:57:38.782233+00
4780-LMH,UCYS01S0ZMB000392,41.404606,2.207965,93,TRAVELLING,2021-03-11 12:57:46.565631+00
4780-LMH,UCYS01S0ZMB000392,41.405209,2.20728,93,TRAVELLING,2021-03-11 12:58:01.210599+00
4780-LMH,UCYS01S0ZMB000392,41.405842,2.206426,93,TRAVELLING,2021-03-11 12:58:16.133401+00
4780-LMH,UCYS01S0ZMB000392,41.406174,2.205869,92,TRAVELLING,2021-03-11 12:58:23.317587+00
4780-LMH,UCYS01S0ZMB000392,41.406751,2.204564,92,TRAVELLING,2021-03-11 12:58:38.334525+00
4780-LMH,UCYS01S0ZMB000392,41.407561,2.203586,92,TRAVELLING,2021-03-11 12:58:52.293592+00
4780-LMH,UCYS01S0ZMB000392,41.407849,2.203414,92,TRAVELLING,2021-03-11 12:59:07.302935+00
4780-LMH,UCYS01S0ZMB000392,41.408072,2.203249,92,TRAVELLING,2021-03-11 12:59:19.464032+00
4780-LMH,UCYS01S0ZMB000392,41.408507,2.202651,92,TRAVELLING,2021-03-11 12:59:34.27722+00
4780-LMH,UCYS01S0ZMB000392,41.408555,2.202599,92,TRAVELLING,2021-03-11 12:59:37.065387+00
4780-LMH,UCYS01S0ZMB000392,41.408622,2.202577,92,TRAVELLING,2021-03-11 12:59:51.203141+00
4780-LMH,UCYS01S0ZMB000392,41.408631,2.202564,92,TRAVELLING,2021-03-11 12:59:53.236112+00
4780-LMH,UCYS01S0ZMB000392,41.40931,2.201702,92,TRAVELLING,2021-03-11 13:00:08.588598+00
4780-LMH,UCYS01S0ZMB000392,41.409723,2.201119,92,TRAVELLING,2021-03-11 13:00:18.443719+00
4780-LMH,UCYS01S0ZMB000392,41.409788,2.201075,92,TRAVELLING,2021-03-11 13:00:32.531039+00
4780-LMH,UCYS01S0ZMB000392,41.410382,2.200275,92,TRAVELLING,2021-03-11 13:00:48.457443+00
4780-LMH,UCYS01S0ZMB000392,41.410543,2.200028,92,TRAVELLING,2021-03-11 13:00:54.14316+00
4780-LMH,UCYS01S0ZMB000392,41.410586,2.19996,92,TRAVELLING,2021-03-11 13:01:08.414063+00
4780-LMH,UCYS01S0ZMB000392,41.410606,2.199927,92,TRAVELLING,2021-03-11 13:01:16.70582+00
4780-LMH,UCYS01S0ZMB000392,41.41102,2.199365,92,TRAVELLING,2021-03-11 13:01:32.43176+00
4780-LMH,UCYS01S0ZMB000392,41.411289,2.199045,92,TRAVELLING,2021-03-11 13:01:39.195954+00
4780-LMH,UCYS01S0ZMB000392,41.41134,2.198986,92,TRAVELLING,2021-03-11 13:01:48.080567+00
4780-LMH,UCYS01S0ZMB000392,41.412014,2.198132,92,TRAVELLING,2021-03-11 13:02:04.418223+00
4780-LMH,UCYS01S0ZMB000392,41.412248,2.197817,91,TRAVELLING,2021-03-11 13:02:06.460324+00
4780-LMH,UCYS01S0ZMB000392,41.4134,2.19631,91,TRAVELLING,2021-03-11 13:02:21.779539+00
4780-LMH,UCYS01S0ZMB000392,41.413907,2.195619,91,TRAVELLING,2021-03-11 13:02:32.921558+00
4780-LMH,UCYS01S0ZMB000392,41.413923,2.195611,91,TRAVELLING,2021-03-11 13:02:34.30384+00
4780-LMH,UCYS01S0ZMB000392,41.41393,2.195607,91,TRAVELLING,2021-03-11 13:02:35.993589+00
4780-LMH,UCYS01S0ZMB000392,41.413936,2.195603,91,TRAVELLING,2021-03-11 13:02:36.861531+00
4780-LMH,UCYS01S0ZMB000392,41.413958,2.19559,91,TRAVELLING,2021-03-11 13:02:40.39824+00
4780-LMH,UCYS01S0ZMB000392,41.413968,2.195592,91,TRAVELLING,2021-03-11 13:02:42.014989+00
4780-LMH,UCYS01S0ZMB000392,41.414017,2.195552,91,TRAVELLING,2021-03-11 13:02:53.562865+00
4780-LMH,UCYS01S0ZMB000392,41.414028,2.195473,91,TRAVELLING,2021-03-11 13:03:05.27182+00
4780-LMH,UCYS01S0ZMB000392,41.414396,2.195033,91,TRAVELLING,2021-03-11 13:03:18.56615+00
4780-LMH,UCYS01S0ZMB000392,41.414992,2.194201,91,TRAVELLING,2021-03-11 13:03:33.178042+00
4780-LMH,UCYS01S0ZMB000392,41.415054,2.19411,91,TRAVELLING,2021-03-11 13:03:36.948563+00
4780-LMH,UCYS01S0ZMB000392,41.415083,2.194058,91,TRAVELLING,2021-03-11 13:03:44.693792+00
4780-LMH,UCYS01S0ZMB000392,41.415105,2.193994,91,TRAVELLING,2021-03-11 13:03:55.399705+00
4780-LMH,UCYS01S0ZMB000392,41.415106,2.193989,91,TRAVELLING,2021-03-11 13:03:56.868429+00
4780-LMH,UCYS01S0ZMB000392,41.415112,2.193979,91,TRAVELLING,2021-03-11 13:03:58.562601+00
4780-LMH,UCYS01S0ZMB000392,41.415625,2.193318,91,TRAVELLING,2021-03-11 13:04:14.569533+00
4780-LMH,UCYS01S0ZMB000392,41.416527,2.192116,91,TRAVELLING,2021-03-11 13:04:37.919642+00
4780-LMH,UCYS01S0ZMB000392,41.416693,2.191875,91,TRAVELLING,2021-03-11 13:04:40.256103+00
4780-LMH,UCYS01S0ZMB000392,41.416698,2.191868,91,TRAVELLING,2021-03-11 13:04:40.360395+00
4780-LMH,UCYS01S0ZMB000392,41.417027,2.191404,91,TRAVELLING,2021-03-11 13:04:49.21333+00
4780-LMH,UCYS01S0ZMB000392,41.418064,2.189854,91,TRAVELLING,2021-03-11 13:05:04.237913+00
4780-LMH,UCYS01S0ZMB000392,41.418577,2.189177,90,TRAVELLING,2021-03-11 13:05:19.346829+00
4780-LMH,UCYS01S0ZMB000392,41.419412,2.187954,90,TRAVELLING,2021-03-11 13:05:33.921109+00
4780-LMH,UCYS01S0ZMB000392,41.419759,2.187615,90,TRAVELLING,2021-03-11 13:05:42.962494+00
4780-LMH,UCYS01S0ZMB000392,41.419772,2.187621,90,TRAVELLING,2021-03-11 13:05:44.322477+00
4780-LMH,UCYS01S0ZMB000392,41.419791,2.187631,90,TRAVELLING,2021-03-11 13:05:45.765107+00
4780-LMH,UCYS01S0ZMB000392,41.419816,2.187617,90,TRAVELLING,2021-03-11 13:05:47.862907+00
4780-LMH,UCYS01S0ZMB000392,41.419847,2.187591,90,TRAVELLING,2021-03-11 13:05:49.367961+00
4780-LMH,UCYS01S0ZMB000392,41.419919,2.187508,90,TRAVELLING,2021-03-11 13:05:56.003291+00
4780-LMH,UCYS01S0ZMB000392,41.420559,2.186671,90,TRAVELLING,2021-03-11 13:06:09.563927+00
4780-LMH,UCYS01S0ZMB000392,41.421402,2.185606,90,TRAVELLING,2021-03-11 13:06:24.347817+00
4780-LMH,UCYS01S0ZMB000392,41.422411,2.184316,90,TRAVELLING,2021-03-11 13:06:39.362685+00
4780-LMH,UCYS01S0ZMB000392,41.422923,2.183736,90,TRAVELLING,2021-03-11 13:06:55.707888+00
4780-LMH,UCYS01S0ZMB000392,41.423043,2.183533,90,TRAVELLING,2021-03-11 13:06:57.848915+00
4780-LMH,UCYS01S0ZMB000392,41.424022,2.182268,90,TRAVELLING,2021-03-11 13:07:13.388228+00
4780-LMH,UCYS01S0ZMB000392,41.425187,2.18077,89,TRAVELLING,2021-03-11 13:07:28.191006+00
4780-LMH,UCYS01S0ZMB000392,41.425829,2.179877,89,TRAVELLING,2021-03-11 13:07:46.382213+00
4780-LMH,UCYS01S0ZMB000392,41.426471,2.178996,89,TRAVELLING,2021-03-11 13:07:57.518127+00
4780-LMH,UCYS01S0ZMB000392,41.42648,2.178988,89,TRAVELLING,2021-03-11 13:07:59.065402+00
4780-LMH,UCYS01S0ZMB000392,41.426506,2.17895,89,TRAVELLING,2021-03-11 13:08:14.113178+00
4780-LMH,UCYS01S0ZMB000392,41.42651,2.178898,89,TRAVELLING,2021-03-11 13:08:29.227992+00
4780-LMH,UCYS01S0ZMB000392,41.426518,2.178863,89,TRAVELLING,2021-03-11 13:08:35.155779+00
4780-LMH,UCYS01S0ZMB000392,41.426459,2.178773,89,TRAVELLING,2021-03-11 13:08:44.675448+00
4780-LMH,UCYS01S0ZMB000392,41.426291,2.178534,89,TRAVELLING,2021-03-11 13:08:53.421391+00
4780-LMH,UCYS01S0ZMB000392,41.426291,2.178526,89,TRAVELLING,2021-03-11 13:08:56.24844+00
4780-LMH,UCYS01S0ZMB000392,41.426293,2.178524,89,TRAVELLING,2021-03-11 13:08:57.752875+00
4780-LMH,UCYS01S0ZMB000392,41.426307,2.178504,89,TRAVELLING,2021-03-11 13:09:11.030722+00
4780-LMH,UCYS01S0ZMB000392,41.426262,2.178468,89,TRAVELLING,2021-03-11 13:09:26.073997+00
4780-LMH,UCYS01S0ZMB000392,41.426258,2.178454,89,TRAVELLING,2021-03-11 13:09:41.230057+00
4780-LMH,UCYS01S0ZMB000392,41.426272,2.178475,89,TRAVELLING,2021-03-11 13:09:56.316916+00
4780-LMH,UCYS01S0ZMB000392,41.426281,2.178474,89,TRAVELLING,2021-03-11 13:10:11.183052+00
4780-LMH,UCYS01S0ZMB000392,41.426263,2.178482,89,TRAVELLING,2021-03-11 13:10:26.229451+00
4780-LMH,UCYS01S0ZMB000392,41.426283,2.178481,89,TRAVELLING,2021-03-11 13:10:41.314221+00
4780-LMH,UCYS01S0ZMB000392,41.426255,2.178502,89,TRAVELLING,2021-03-11 13:10:56.098098+00
4780-LMH,UCYS01S0ZMB000392,41.426252,2.178513,89,TRAVELLING,2021-03-11 13:11:11.110234+00
4780-LMH,UCYS01S0ZMB000392,41.426257,2.1785,89,TRAVELLING,2021-03-11 13:11:26.131206+00
4780-LMH,UCYS01S0ZMB000392,41.426248,2.178499,89,TRAVELLING,2021-03-11 13:11:41.585529+00
4780-LMH,UCYS01S0ZMB000392,41.426257,2.17849,89,TRAVELLING,2021-03-11 13:11:56.013055+00
4780-LMH,UCYS01S0ZMB000392,41.426268,2.178481,89,TRAVELLING,2021-03-11 13:12:11.005965+00
4780-LMH,UCYS01S0ZMB000392,41.42628,2.178459,89,TRAVELLING,2021-03-11 13:12:26.101961+00
4780-LMH,UCYS01S0ZMB000392,41.426299,2.178444,89,TRAVELLING,2021-03-11 13:12:41.019735+00
4780-LMH,UCYS01S0ZMB000392,41.426307,2.178431,89,TRAVELLING,2021-03-11 13:12:56.00378+00
4780-LMH,UCYS01S0ZMB000392,41.426318,2.178417,89,TRAVELLING,2021-03-11 13:13:11.139306+00
4780-LMH,UCYS01S0ZMB000392,41.426308,2.178418,89,TRAVELLING,2021-03-11 13:13:26.108099+00
4780-LMH,UCYS01S0ZMB000392,41.426304,2.178428,89,TRAVELLING,2021-03-11 13:13:41.384346+00
4780-LMH,UCYS01S0ZMB000392,41.426293,2.17845,89,TRAVELLING,2021-03-11 13:13:55.996833+00
4780-LMH,UCYS01S0ZMB000392,41.426311,2.178453,89,TRAVELLING,2021-03-11 13:16:01.263888+00
4780-LMH,UCYS01S0ZMB000392,41.42631,2.178455,89,TRAVELLING,2021-03-11 13:16:03.262774+00
4780-LMH,UCYS01S0ZMB000392,41.426299,2.178474,89,TRAVELLING,2021-03-11 13:17:30.836934+00
4780-LMH,UCYS01S0ZMB000392,41.426262,2.178472,89,TRAVELLING,2021-03-11 13:20:05.520398+00
4780-LMH,UCYS01S0ZMB000392,41.42626,2.178473,89,TRAVELLING,2021-03-11 13:20:14.402946+00
4780-LMH,UCYS01S0ZMB000392,41.426259,2.178474,89,TRAVELLING,2021-03-11 13:20:17.228071+00
4780-LMH,UCYS01S0ZMB000392,41.426262,2.178482,89,TRAVELLING,2021-03-11 13:20:35.738076+00
4780-LMH,UCYS01S0ZMB000392,41.426252,2.178493,89,TRAVELLING,2021-03-11 13:20:51.026227+00
4780-LMH,UCYS01S0ZMB000392,41.426244,2.178503,89,TRAVELLING,2021-03-11 13:21:06.539117+00
4780-LMH,UCYS01S0ZMB000392,41.426243,2.178507,89,TRAVELLING,2021-03-11 13:21:10.60745+00
4780-LMH,UCYS01S0ZMB000392,41.426268,2.178482,89,TRAVELLING,2021-03-11 13:22:22.284364+00
4780-LMH,UCYS01S0ZMB000392,41.426267,2.178483,89,TRAVELLING,2021-03-11 13:22:23.792361+00
4780-LMH,UCYS01S0ZMB000392,41.426285,2.178475,89,TRAVELLING,2021-03-11 13:23:07.352794+00
4780-LMH,UCYS01S0ZMB000392,41.426294,2.178471,89,TRAVELLING,2021-03-11 13:23:38.258045+00
4780-LMH,UCYS01S0ZMB000392,41.426292,2.178473,89,TRAVELLING,2021-03-11 13:23:39.779516+00
4780-LMH,UCYS01S0ZMB000392,41.426294,2.178485,89,TRAVELLING,2021-03-11 13:23:56.403487+00
4780-LMH,UCYS01S0ZMB000392,41.426297,2.178492,89,TRAVELLING,2021-03-11 13:24:15.060223+00
4780-LMH,UCYS01S0ZMB000392,41.426295,2.178487,89,TRAVELLING,2021-03-11 13:24:17.424108+00
4780-LMH,UCYS01S0ZMB000392,41.426288,2.178486,89,TRAVELLING,2021-03-11 13:24:21.442868+00
4780-LMH,UCYS01S0ZMB000392,41.426287,2.178485,89,TRAVELLING,2021-03-11 13:24:23.610973+00
4780-LMH,UCYS01S0ZMB000392,41.426287,2.178487,89,TRAVELLING,2021-03-11 13:24:23.716178+00
4780-LMH,UCYS01S0ZMB000392,41.426286,2.178487,89,TRAVELLING,2021-03-11 13:24:25.451627+00
4780-LMH,UCYS01S0ZMB000392,41.426283,2.17849,89,TRAVELLING,2021-03-11 13:24:29.502208+00
4780-LMH,UCYS01S0ZMB000392,41.426281,2.178491,89,TRAVELLING,2021-03-11 13:24:38.742243+00
4780-LMH,UCYS01S0ZMB000392,41.426269,2.178503,89,TRAVELLING,2021-03-11 13:24:54.764909+00
4780-LMH,UCYS01S0ZMB000392,41.426265,2.178502,89,TRAVELLING,2021-03-11 13:25:08.915095+00
4780-LMH,UCYS01S0ZMB000392,41.426266,2.178501,89,TRAVELLING,2021-03-11 13:25:12.011909+00
4780-LMH,UCYS01S0ZMB000392,41.426274,2.178501,89,TRAVELLING,2021-03-11 13:25:40.166017+00
4780-LMH,UCYS01S0ZMB000392,41.426272,2.178511,89,TRAVELLING,2021-03-11 13:26:08.545186+00
4780-LMH,UCYS01S0ZMB000392,41.426267,2.178507,89,TRAVELLING,2021-03-11 13:26:12.924222+00
4780-LMH,UCYS01S0ZMB000392,41.426258,2.178505,89,TRAVELLING,2021-03-11 13:26:39.397555+00
4780-LMH,UCYS01S0ZMB000392,41.426262,2.17849,89,TRAVELLING,2021-03-11 13:27:08.568963+00
4780-LMH,UCYS01S0ZMB000392,41.426264,2.178487,89,TRAVELLING,2021-03-11 13:27:12.653807+00
4780-LMH,UCYS01S0ZMB000392,41.426269,2.178491,89,TRAVELLING,2021-03-11 13:27:40.434885+00
4780-LMH,UCYS01S0ZMB000392,41.426267,2.17849,89,TRAVELLING,2021-03-11 13:28:09.42516+00
4780-LMH,UCYS01S0ZMB000392,41.426272,2.178488,89,TRAVELLING,2021-03-11 13:28:13.894822+00
4780-LMH,UCYS01S0ZMB000392,41.426275,2.178494,89,TRAVELLING,2021-03-11 13:28:32.091651+00
4780-LMH,UCYS01S0ZMB000392,41.426278,2.178494,89,TRAVELLING,2021-03-11 13:28:38.148266+00
4780-LMH,UCYS01S0ZMB000392,41.426277,2.178495,89,TRAVELLING,2021-03-11 13:30:06.689722+00
4780-LMH,UCYS01S0ZMB000392,41.426277,2.17849,89,TRAVELLING,2021-03-11 13:30:06.750579+00
4780-LMH,UCYS01S0ZMB000392,41.426276,2.178495,89,TRAVELLING,2021-03-11 13:30:06.757591+00
4780-LMH,UCYS01S0ZMB000392,41.426274,2.178495,89,TRAVELLING,2021-03-11 13:30:07.256989+00
4780-LMH,UCYS01S0ZMB000392,41.426276,2.178493,89,TRAVELLING,2021-03-11 13:30:07.542472+00
4780-LMH,UCYS01S0ZMB000392,41.426288,2.178494,89,TRAVELLING,2021-03-11 13:30:11.683792+00
4780-LMH,UCYS01S0ZMB000392,41.426289,2.178493,89,TRAVELLING,2021-03-11 13:30:11.686068+00
4780-LMH,UCYS01S0ZMB000392,41.42629,2.178494,89,TRAVELLING,2021-03-11 13:30:11.688318+00
4780-LMH,UCYS01S0ZMB000392,41.426289,2.178493,89,TRAVELLING,2021-03-11 13:30:12.157399+00
4780-LMH,UCYS01S0ZMB000392,41.426287,2.178491,89,TRAVELLING,2021-03-11 13:30:14.723432+00
4780-LMH,UCYS01S0ZMB000392,41.426288,2.178491,89,TRAVELLING,2021-03-11 13:30:14.726967+00
4780-LMH,UCYS01S0ZMB000392,41.426287,2.178492,89,TRAVELLING,2021-03-11 13:30:14.728822+00
4780-LMH,UCYS01S0ZMB000392,41.426282,2.178501,89,TRAVELLING,2021-03-11 13:30:29.451108+00
4780-LMH,UCYS01S0ZMB000392,41.426283,2.1785,89,TRAVELLING,2021-03-11 13:30:31.784052+00
4780-LMH,UCYS01S0ZMB000392,41.426265,2.178495,89,TRAVELLING,2021-03-11 13:30:37.820513+00
4780-LMH,UCYS01S0ZMB000392,41.426285,2.178492,89,TRAVELLING,2021-03-11 13:30:39.993849+00
4780-LMH,UCYS01S0ZMB000392,41.426287,2.178491,89,TRAVELLING,2021-03-11 13:30:42.455906+00
4780-LMH,UCYS01S0ZMB000392,41.426317,2.178538,89,TRAVELLING,2021-03-11 13:30:44.780801+00
4780-LMH,UCYS01S0ZMB000392,41.426409,2.178893,89,TRAVELLING,2021-03-11 13:30:57.500112+00
4780-LMH,UCYS01S0ZMB000392,41.426151,2.179181,89,TRAVELLING,2021-03-11 13:31:09.464789+00
4780-LMH,UCYS01S0ZMB000392,41.426164,2.179272,89,TRAVELLING,2021-03-11 13:31:19.68211+00
4780-LMH,UCYS01S0ZMB000392,41.425716,2.179897,89,TRAVELLING,2021-03-11 13:31:34.482824+00
4780-LMH,UCYS01S0ZMB000392,41.424637,2.181328,89,TRAVELLING,2021-03-11 13:31:48.975782+00
4780-LMH,UCYS01S0ZMB000392,41.424379,2.181682,88,TRAVELLING,2021-03-11 13:31:56.204018+00
4780-LMH,UCYS01S0ZMB000392,41.424325,2.181817,88,TRAVELLING,2021-03-11 13:32:11.118922+00
4780-LMH,UCYS01S0ZMB000392,41.424318,2.181873,88,TRAVELLING,2021-03-11 13:32:25.993111+00
4780-LMH,UCYS01S0ZMB000392,41.424316,2.181887,88,TRAVELLING,2021-03-11 13:32:31.945168+00
4780-LMH,UCYS01S0ZMB000392,41.423672,2.182687,88,TRAVELLING,2021-03-11 13:32:47.532058+00
4780-LMH,UCYS01S0ZMB000392,41.42295,2.183581,88,TRAVELLING,2021-03-11 13:33:00.636195+00
4780-LMH,UCYS01S0ZMB000392,41.422905,2.183673,88,TRAVELLING,2021-03-11 13:33:12.148156+00
4780-LMH,UCYS01S0ZMB000392,41.422508,2.183918,88,TRAVELLING,2021-03-11 13:33:24.448415+00
4780-LMH,UCYS01S0ZMB000392,41.421832,2.183875,88,TRAVELLING,2021-03-11 13:33:38.849208+00
4780-LMH,UCYS01S0ZMB000392,41.420474,2.183819,88,TRAVELLING,2021-03-11 13:33:53.750719+00
4780-LMH,UCYS01S0ZMB000392,41.419226,2.18383,88,TRAVELLING,2021-03-11 13:34:08.857403+00
4780-LMH,UCYS01S0ZMB000392,41.41891,2.183787,88,TRAVELLING,2021-03-11 13:34:12.168048+00
4780-LMH,UCYS01S0ZMB000392,41.417938,2.183197,88,TRAVELLING,2021-03-11 13:34:26.851773+00
4780-LMH,UCYS01S0ZMB000392,41.417855,2.18311,88,TRAVELLING,2021-03-11 13:34:28.149786+00
4780-LMH,UCYS01S0ZMB000392,41.417533,2.18277,87,TRAVELLING,2021-03-11 13:34:30.537856+00
4780-LMH,UCYS01S0ZMB000392,41.416537,2.181479,87,TRAVELLING,2021-03-11 13:34:44.004126+00
4780-LMH,UCYS01S0ZMB000392,41.416492,2.181428,87,TRAVELLING,2021-03-11 13:34:58.737174+00
4780-LMH,UCYS01S0ZMB000392,41.416458,2.181393,87,TRAVELLING,2021-03-11 13:35:13.702629+00
4780-LMH,UCYS01S0ZMB000392,41.416452,2.181385,87,TRAVELLING,2021-03-11 13:35:19.827238+00
4780-LMH,UCYS01S0ZMB000392,41.416446,2.181371,87,TRAVELLING,2021-03-11 13:35:27.387614+00
4780-LMH,UCYS01S0ZMB000392,41.416441,2.181362,87,TRAVELLING,2021-03-11 13:35:33.916192+00
4780-LMH,UCYS01S0ZMB000392,41.416441,2.181362,87,TRAVELLING,2021-03-11 13:35:33.917787+00
4780-LMH,UCYS01S0ZMB000392,41.416442,2.181362,87,TRAVELLING,2021-03-11 13:35:34.05246+00
4780-LMH,UCYS01S0ZMB000392,41.415763,2.18049,87,TRAVELLING,2021-03-11 13:35:48.115431+00
4780-LMH,UCYS01S0ZMB000392,41.414534,2.179159,87,TRAVELLING,2021-03-11 13:36:02.835366+00
4780-LMH,UCYS01S0ZMB000392,41.413218,2.177145,87,TRAVELLING,2021-03-11 13:36:18.68798+00
4780-LMH,UCYS01S0ZMB000392,41.412052,2.175582,86,TRAVELLING,2021-03-11 13:36:32.768935+00
4780-LMH,UCYS01S0ZMB000392,41.411314,2.17456,86,TRAVELLING,2021-03-11 13:36:47.615708+00
4780-LMH,UCYS01S0ZMB000392,41.410452,2.173365,86,TRAVELLING,2021-03-11 13:37:03.001899+00
4780-LMH,UCYS01S0ZMB000392,41.409367,2.171796,86,TRAVELLING,2021-03-11 13:37:17.774875+00
4780-LMH,UCYS01S0ZMB000392,41.409076,2.171455,86,TRAVELLING,2021-03-11 13:37:21.322991+00
4780-LMH,UCYS01S0ZMB000392,41.408303,2.170451,86,TRAVELLING,2021-03-11 13:37:35.167505+00
4780-LMH,UCYS01S0ZMB000392,41.408039,2.170139,86,TRAVELLING,2021-03-11 13:37:39.263944+00
4780-LMH,UCYS01S0ZMB000392,41.407041,2.169152,86,TRAVELLING,2021-03-11 13:37:54.435395+00
4780-LMH,UCYS01S0ZMB000392,41.40619,2.16798,86,TRAVELLING,2021-03-11 13:38:08.877139+00
4780-LMH,UCYS01S0ZMB000392,41.405133,2.166404,85,TRAVELLING,2021-03-11 13:38:23.818572+00
4780-LMH,UCYS01S0ZMB000392,41.404835,2.166061,85,TRAVELLING,2021-03-11 13:38:35.46072+00
4780-LMH,UCYS01S0ZMB000392,41.404807,2.165912,85,TRAVELLING,2021-03-11 13:38:49.791273+00
4780-LMH,UCYS01S0ZMB000392,41.404807,2.165814,85,TRAVELLING,2021-03-11 13:39:02.849818+00
4780-LMH,UCYS01S0ZMB000392,41.40481,2.165745,85,TRAVELLING,2021-03-11 13:39:14.002795+00
4780-LMH,UCYS01S0ZMB000392,41.40426,2.165249,85,TRAVELLING,2021-03-11 13:39:28.424962+00
4780-LMH,UCYS01S0ZMB000392,41.404102,2.165091,85,TRAVELLING,2021-03-11 13:39:30.11944+00
4780-LMH,UCYS01S0ZMB000392,41.403413,2.164256,85,TRAVELLING,2021-03-11 13:39:44.652029+00
4780-LMH,UCYS01S0ZMB000392,41.402894,2.164777,85,TRAVELLING,2021-03-11 13:39:59.7867+00
4780-LMH,UCYS01S0ZMB000392,41.40221,2.165612,85,TRAVELLING,2021-03-11 13:40:14.656596+00
4780-LMH,UCYS01S0ZMB000392,41.40183,2.165869,85,TRAVELLING,2021-03-11 13:40:22.924137+00
4780-LMH,UCYS01S0ZMB000392,41.4014,2.165594,85,TRAVELLING,2021-03-11 13:40:35.482085+00
4780-LMH,UCYS01S0ZMB000392,41.401382,2.165608,85,TRAVELLING,2021-03-11 13:40:37.49409+00
4780-LMH,UCYS01S0ZMB000392,41.400579,2.164687,85,TRAVELLING,2021-03-11 13:40:52.611852+00
4780-LMH,UCYS01S0ZMB000392,41.400445,2.164527,85,TRAVELLING,2021-03-11 13:40:59.845775+00
4780-LMH,UCYS01S0ZMB000392,41.400442,2.164524,85,TRAVELLING,2021-03-11 13:41:01.37679+00
4780-LMH,UCYS01S0ZMB000392,41.400419,2.164432,85,TRAVELLING,2021-03-11 13:41:14.715101+00
4780-LMH,UCYS01S0ZMB000392,41.400415,2.164416,85,TRAVELLING,2021-03-11 13:41:17.330407+00
4780-LMH,UCYS01S0ZMB000392,41.399612,2.163529,85,TRAVELLING,2021-03-11 13:41:32.06724+00
4780-LMH,UCYS01S0ZMB000392,41.398747,2.162407,85,TRAVELLING,2021-03-11 13:41:47.008516+00
4780-LMH,UCYS01S0ZMB000392,41.397819,2.161353,85,TRAVELLING,2021-03-11 13:42:01.804835+00
4780-LMH,UCYS01S0ZMB000392,41.397519,2.161206,84,TRAVELLING,2021-03-11 13:42:10.390118+00
4780-LMH,UCYS01S0ZMB000392,41.397254,2.161163,84,TRAVELLING,2021-03-11 13:42:18.751378+00
4780-LMH,UCYS01S0ZMB000392,41.397193,2.161084,84,TRAVELLING,2021-03-11 13:42:33.639605+00
4780-LMH,UCYS01S0ZMB000392,41.397142,2.161073,84,TRAVELLING,2021-03-11 13:42:48.583291+00
4780-LMH,UCYS01S0ZMB000392,41.397123,2.16105,84,TRAVELLING,2021-03-11 13:43:03.899639+00
4780-LMH,UCYS01S0ZMB000392,41.397083,2.161059,84,TRAVELLING,2021-03-11 13:43:18.620401+00
4780-LMH,UCYS01S0ZMB000392,41.397061,2.16104,84,TRAVELLING,2021-03-11 13:43:33.602195+00
4780-LMH,UCYS01S0ZMB000392,41.39706,2.161038,84,TRAVELLING,2021-03-11 13:43:36.76294+00
4780-LMH,UCYS01S0ZMB000392,41.396976,2.160964,84,TRAVELLING,2021-03-11 13:43:42.772561+00
4780-LMH,UCYS01S0ZMB000392,41.39674,2.160241,84,TRAVELLING,2021-03-11 13:43:57.620922+00
4780-LMH,UCYS01S0ZMB000392,41.396709,2.160255,84,TRAVELLING,2021-03-11 13:44:11.64193+00
4780-LMH,UCYS01S0ZMB000392,41.396674,2.160276,84,TRAVELLING,2021-03-11 13:44:22.954978+00
4780-LMH,UCYS01S0ZMB000392,41.39662,2.159971,84,TRAVELLING,2021-03-11 13:44:31.002735+00
4780-LMH,UCYS01S0ZMB000392,41.396111,2.157985,84,TRAVELLING,2021-03-11 13:44:44.810329+00
4780-LMH,UCYS01S0ZMB000392,41.395632,2.156273,84,TRAVELLING,2021-03-11 13:44:59.564601+00
4780-LMH,UCYS01S0ZMB000392,41.395621,2.156247,84,TRAVELLING,2021-03-11 13:45:02.261829+00
4780-LMH,UCYS01S0ZMB000392,41.395572,2.156265,84,TRAVELLING,2021-03-11 13:45:17.191645+00
4780-LMH,UCYS01S0ZMB000392,41.395561,2.15624,84,TRAVELLING,2021-03-11 13:45:31.539356+00
4780-LMH,UCYS01S0ZMB000392,41.395559,2.156234,84,TRAVELLING,2021-03-11 13:45:39.909562+00
4780-LMH,UCYS01S0ZMB000392,41.395202,2.154973,84,TRAVELLING,2021-03-11 13:45:54.764158+00
4780-LMH,UCYS01S0ZMB000392,41.394736,2.15298,83,TRAVELLING,2021-03-11 13:46:09.71335+00
4780-LMH,UCYS01S0ZMB000392,41.394145,2.150655,83,TRAVELLING,2021-03-11 13:46:24.69957+00
4780-LMH,UCYS01S0ZMB000392,41.394045,2.150191,83,TRAVELLING,2021-03-11 13:46:32.986369+00
4780-LMH,UCYS01S0ZMB000392,41.39407,2.150079,83,TRAVELLING,2021-03-11 13:46:47.535204+00
4780-LMH,UCYS01S0ZMB000392,41.39409,2.150027,83,TRAVELLING,2021-03-11 13:47:02.549029+00
4780-LMH,UCYS01S0ZMB000392,41.394121,2.150005,83,TRAVELLING,2021-03-11 13:47:17.715119+00
4780-LMH,UCYS01S0ZMB000392,41.393855,2.14889,83,TRAVELLING,2021-03-11 13:47:32.540942+00
4780-LMH,UCYS01S0ZMB000392,41.393257,2.146647,83,TRAVELLING,2021-03-11 13:47:47.702956+00
4780-LMH,UCYS01S0ZMB000392,41.392953,2.145004,83,TRAVELLING,2021-03-11 13:48:02.610369+00
4780-LMH,UCYS01S0ZMB000392,41.392984,2.144373,83,TRAVELLING,2021-03-11 13:48:08.591496+00
4780-LMH,UCYS01S0ZMB000392,41.392292,2.143118,83,TRAVELLING,2021-03-11 13:48:23.589676+00
4780-LMH,UCYS01S0ZMB000392,41.391799,2.141099,82,TRAVELLING,2021-03-11 13:48:38.64197+00
4780-LMH,UCYS01S0ZMB000392,41.391627,2.140358,82,TRAVELLING,2021-03-11 13:48:49.24195+00
4780-LMH,UCYS01S0ZMB000392,41.391628,2.140312,82,TRAVELLING,2021-03-11 13:48:56.331603+00
4780-LMH,UCYS01S0ZMB000392,41.391628,2.140303,82,TRAVELLING,2021-03-11 13:48:57.640269+00
4780-LMH,UCYS01S0ZMB000392,41.391384,2.139303,82,TRAVELLING,2021-03-11 13:49:10.578842+00
4780-LMH,UCYS01S0ZMB000392,41.391076,2.138036,82,TRAVELLING,2021-03-11 13:49:25.979945+00
4780-LMH,UCYS01S0ZMB000392,41.390638,2.136334,82,TRAVELLING,2021-03-11 13:49:45.062672+00
4780-LMH,UCYS01S0ZMB000392,41.390155,2.134417,82,TRAVELLING,2021-03-11 13:49:56.038951+00
4780-LMH,UCYS01S0ZMB000392,41.389888,2.133519,82,TRAVELLING,2021-03-11 13:50:09.529518+00
4780-LMH,UCYS01S0ZMB000392,41.38987,2.133482,82,TRAVELLING,2021-03-11 13:50:17.722569+00
4780-LMH,UCYS01S0ZMB000392,41.389868,2.133479,82,TRAVELLING,2021-03-11 13:50:20.43031+00
4780-LMH,UCYS01S0ZMB000392,41.389866,2.133473,82,TRAVELLING,2021-03-11 13:50:21.926496+00
4780-LMH,UCYS01S0ZMB000392,41.389861,2.133462,82,TRAVELLING,2021-03-11 13:50:29.267712+00
4780-LMH,UCYS01S0ZMB000392,41.389701,2.132745,82,TRAVELLING,2021-03-11 13:50:43.902279+00
4780-LMH,UCYS01S0ZMB000392,41.38936,2.131264,82,TRAVELLING,2021-03-11 13:50:58.610504+00
4780-LMH,UCYS01S0ZMB000392,41.389006,2.129856,82,TRAVELLING,2021-03-11 13:51:14.042972+00
4780-LMH,UCYS01S0ZMB000392,41.388832,2.129118,82,TRAVELLING,2021-03-11 13:51:28.59186+00
4780-LMH,UCYS01S0ZMB000392,41.388675,2.128266,81,TRAVELLING,2021-03-11 13:51:42.704548+00
4780-LMH,UCYS01S0ZMB000392,41.388688,2.128183,81,TRAVELLING,2021-03-11 13:51:57.50761+00
4780-LMH,UCYS01S0ZMB000392,41.388702,2.128149,81,TRAVELLING,2021-03-11 13:52:04.333757+00
4780-LMH,UCYS01S0ZMB000392,41.388755,2.128089,81,TRAVELLING,2021-03-11 13:52:07.658374+00
4780-LMH,UCYS01S0ZMB000392,41.389265,2.127954,81,TRAVELLING,2021-03-11 13:52:16.709287+00
4780-LMH,UCYS01S0ZMB000392,41.389609,2.128104,81,TRAVELLING,2021-03-11 13:52:27.661437+00
4780-LMH,UCYS01S0ZMB000392,41.389613,2.128104,81,TRAVELLING,2021-03-11 13:52:28.921438+00
4780-LMH,UCYS01S0ZMB000392,41.389616,2.128099,81,TRAVELLING,2021-03-11 13:52:32.187855+00
4780-LMH,UCYS01S0ZMB000392,41.389618,2.128099,81,TRAVELLING,2021-03-11 13:52:33.378277+00
4780-LMH,UCYS01S0ZMB000392,41.389617,2.128061,81,TRAVELLING,2021-03-11 13:52:47.53781+00
4780-LMH,UCYS01S0ZMB000392,41.389624,2.128038,81,TRAVELLING,2021-03-11 13:53:02.930371+00
4780-LMH,UCYS01S0ZMB000392,41.389629,2.12801,81,TRAVELLING,2021-03-11 13:53:17.590947+00
4780-LMH,UCYS01S0ZMB000392,41.389641,2.127983,81,TRAVELLING,2021-03-11 13:53:32.495773+00
4780-LMH,UCYS01S0ZMB000392,41.38965,2.127966,81,TRAVELLING,2021-03-11 13:53:47.588135+00
4780-LMH,UCYS01S0ZMB000392,41.389664,2.127889,81,TRAVELLING,2021-03-11 13:54:02.491301+00
4780-LMH,UCYS01S0ZMB000392,41.389672,2.127819,81,TRAVELLING,2021-03-11 13:54:17.524579+00
4780-LMH,UCYS01S0ZMB000392,41.389682,2.127819,81,TRAVELLING,2021-03-11 13:54:32.630677+00
4780-LMH,UCYS01S0ZMB000392,41.389676,2.127817,81,TRAVELLING,2021-03-11 13:54:42.148539+00
4780-LMH,UCYS01S0ZMB000392,41.389677,2.127826,81,TRAVELLING,2021-03-11 13:54:50.250097+00
4780-LMH,UCYS01S0ZMB000392,41.390064,2.128057,81,TRAVELLING,2021-03-11 13:54:59.536913+00
4780-LMH,UCYS01S0ZMB000392,41.391085,2.128626,81,TRAVELLING,2021-03-11 13:55:14.629135+00
4780-LMH,UCYS01S0ZMB000392,41.391673,2.129073,81,TRAVELLING,2021-03-11 13:55:29.597453+00
4780-LMH,UCYS01S0ZMB000392,41.392043,2.12947,81,TRAVELLING,2021-03-11 13:55:38.547778+00
4780-LMH,UCYS01S0ZMB000392,41.392041,2.129953,81,TRAVELLING,2021-03-11 13:55:45.398481+00
4780-LMH,UCYS01S0ZMB000392,41.390724,2.131111,81,TRAVELLING,2021-03-11 13:56:00.457163+00
4780-LMH,UCYS01S0ZMB000392,41.389754,2.132101,81,TRAVELLING,2021-03-11 13:56:15.473119+00
4780-LMH,UCYS01S0ZMB000392,41.388554,2.133355,81,TRAVELLING,2021-03-11 13:56:32.137212+00
4780-LMH,UCYS01S0ZMB000392,41.387909,2.134067,81,TRAVELLING,2021-03-11 13:56:44.618787+00
4780-LMH,UCYS01S0ZMB000392,41.387878,2.134144,81,TRAVELLING,2021-03-11 13:56:59.770002+00
4780-LMH,UCYS01S0ZMB000392,41.38788,2.134158,81,TRAVELLING,2021-03-11 13:57:02.464057+00
4780-LMH,UCYS01S0ZMB000392,41.3878,2.134458,81,TRAVELLING,2021-03-11 13:57:09.503572+00
4780-LMH,UCYS01S0ZMB000392,41.38828,2.135212,80,TRAVELLING,2021-03-11 13:57:24.445273+00
4780-LMH,UCYS01S0ZMB000392,41.38826,2.135279,80,TRAVELLING,2021-03-11 13:57:34.146614+00
4780-LMH,UCYS01S0ZMB000392,41.388459,2.135461,80,TRAVELLING,2021-03-11 13:57:46.455894+00
4780-LMH,UCYS01S0ZMB000392,41.389116,2.134867,80,TRAVELLING,2021-03-11 13:58:01.520722+00
4780-LMH,UCYS01S0ZMB000392,41.38925,2.134616,80,TRAVELLING,2021-03-11 13:58:16.373922+00
4780-LMH,UCYS01S0ZMB000392,41.389252,2.134409,80,TRAVELLING,2021-03-11 13:58:21.443149+00
4780-LMH,UCYS01S0ZMB000392,41.388721,2.135411,80,TRAVELLING,2021-03-11 14:09:36.772771+00
4780-LMH,UCYS01S0ZMB000392,41.388722,2.135456,80,TRAVELLING,2021-03-11 14:09:38.216568+00
4780-LMH,UCYS01S0ZMB000392,41.388597,2.135493,80,TRAVELLING,2021-03-11 14:09:41.531254+00
4780-LMH,UCYS01S0ZMB000392,41.388087,2.135884,80,TRAVELLING,2021-03-11 14:09:56.467421+00
4780-LMH,UCYS01S0ZMB000392,41.387762,2.136198,80,TRAVELLING,2021-03-11 14:10:03.469196+00
4780-LMH,UCYS01S0ZMB000392,41.387745,2.136206,80,TRAVELLING,2021-03-11 14:10:10.182269+00
4780-LMH,UCYS01S0ZMB000392,41.387583,2.136218,80,TRAVELLING,2021-03-11 14:10:16.477184+00
4780-LMH,UCYS01S0ZMB000392,41.387039,2.135561,80,TRAVELLING,2021-03-11 14:10:31.112917+00
4780-LMH,UCYS01S0ZMB000392,41.387009,2.135473,80,TRAVELLING,2021-03-11 14:10:46.249825+00
4780-LMH,UCYS01S0ZMB000392,41.387005,2.13547,80,TRAVELLING,2021-03-11 14:10:47.787825+00
4780-LMH,UCYS01S0ZMB000392,41.38524,2.136892,80,TRAVELLING,2021-03-11 14:11:48.750263+00
4780-LMH,UCYS01S0ZMB000392,41.385223,2.136908,79,TRAVELLING,2021-03-11 14:11:59.616454+00
4780-LMH,UCYS01S0ZMB000392,41.385218,2.136914,79,TRAVELLING,2021-03-11 14:12:02.71006+00
4780-LMH,UCYS01S0ZMB000392,41.38519,2.136933,79,TRAVELLING,2021-03-11 14:12:03.905679+00
4780-LMH,UCYS01S0ZMB000392,41.383521,2.138737,79,TRAVELLING,2021-03-11 14:12:29.456559+00
4780-LMH,UCYS01S0ZMB000392,41.383519,2.138762,79,TRAVELLING,2021-03-11 14:12:37.130459+00
4780-LMH,UCYS01S0ZMB000392,41.382961,2.13945,79,TRAVELLING,2021-03-11 14:12:47.198678+00
4780-LMH,UCYS01S0ZMB000392,41.381712,2.140949,79,TRAVELLING,2021-03-11 14:13:01.290387+00
4780-LMH,UCYS01S0ZMB000392,41.38124,2.141492,79,TRAVELLING,2021-03-11 14:13:10.823686+00
4780-LMH,UCYS01S0ZMB000392,41.381163,2.141479,79,TRAVELLING,2021-03-11 14:13:25.585012+00
4780-LMH,UCYS01S0ZMB000392,41.381138,2.141467,79,TRAVELLING,2021-03-11 14:13:40.485709+00
4780-LMH,UCYS01S0ZMB000392,41.381153,2.141494,79,TRAVELLING,2021-03-11 14:13:55.349448+00
4780-LMH,UCYS01S0ZMB000392,41.381155,2.141497,79,TRAVELLING,2021-03-11 14:13:57.955969+00
4780-LMH,UCYS01S0ZMB000392,41.380668,2.142339,79,TRAVELLING,2021-03-11 14:14:10.477934+00
4780-LMH,UCYS01S0ZMB000392,41.379676,2.143757,79,TRAVELLING,2021-03-11 14:14:25.47169+00
4780-LMH,UCYS01S0ZMB000392,41.378394,2.145478,78,TRAVELLING,2021-03-11 14:14:42.076613+00
4780-LMH,UCYS01S0ZMB000392,41.377689,2.146489,78,TRAVELLING,2021-03-11 14:14:53.772683+00
4780-LMH,UCYS01S0ZMB000392,41.37762,2.146543,78,TRAVELLING,2021-03-11 14:15:54.391583+00
4780-LMH,UCYS01S0ZMB000392,41.377614,2.14656,78,TRAVELLING,2021-03-11 14:15:55.838529+00
4780-LMH,UCYS01S0ZMB000392,41.377615,2.146562,78,TRAVELLING,2021-03-11 14:15:56.87563+00
4780-LMH,UCYS01S0ZMB000392,41.377044,2.147339,78,TRAVELLING,2021-03-11 14:15:56.899813+00
4780-LMH,UCYS01S0ZMB000392,41.376976,2.147431,78,TRAVELLING,2021-03-11 14:15:57.567219+00
4780-LMH,UCYS01S0ZMB000392,41.375906,2.148732,78,TRAVELLING,2021-03-11 14:16:23.377927+00
4780-LMH,UCYS01S0ZMB000392,41.374708,2.149439,78,TRAVELLING,2021-03-11 14:17:59.027346+00
4780-LMH,UCYS01S0ZMB000392,41.374976,2.150035,78,TRAVELLING,2021-03-11 14:17:59.326237+00
4780-LMH,UCYS01S0ZMB000392,41.38429,2.172294,78,AVAILABLE,2021-03-11 14:57:20.173771+00
4780-LMH,UCYS01S0ZMB000392,41.384269,2.172225,74,AVAILABLE,2021-03-11 15:02:18.870253+00
4780-LMH,UCYS01S0ZMB000392,41.384283,2.172229,74,AVAILABLE,2021-03-11 15:02:20.381698+00
4780-LMH,UCYS01S0ZMB000392,41.384225,2.172364,74,AVAILABLE,2021-03-11 15:12:23.185857+00
